county,CZ,cz_label
1069,3,Dothan
1023,9,Meridian
1005,3,Dothan
1107,4,Tuscaloosa
1033,10,Huntsville
4012,37,Los Angeles
4001,32,Gallup
5081,55,Texarkana
5121,46,Jonesboro
6037,37,Los Angeles
6097,58,San Francisco
6001,58,San Francisco
6045,67,Clearlake & Ukiah
6015,63,Brookings & Crescent City
8077,79,Grand Junction
8083,74,Farmington
8067,74,Farmington
6055,58,San Francisco
10005,89,Dover
12086,96,Miami
12071,99,Cape Coral
12037,102,Carrabelle
12033,100,Pensacola
17031,152,Chicago
17017,146,Springfield
17109,146,Springfield
13245,116,Augusta
17041,148,Decatur
13103,115,Savannah
16027,129,Boise
26103,261,Marquette
18061,168,Louisville
19177,178,Ottumwa
19045,158,Dubuque
19163,156,Davenport
18161,172,Richmond
26107,275,Cadillac
26063,272,Detroit
36067,384,Syracuse
20175,215,Liberal
36071,388,Poughkeepsie
8031,72,Denver
36017,383,Binghamton
21101,231,Henderson
21195,236,Pikeville
8019,72,Denver
8055,83,Trinidad
21093,230,Elizabethtown
21127,236,Pikeville
26099,272,Detroit
21135,228,Maysville
22051,240,New Orleans
22111,243,Monroe
22067,243,Monroe
8091,79,Grand Junction
23013,248,Portland
23015,248,Portland
2170,15,Anchorage
2290,18,Fairbanks
24005,252,Baltimore
24047,89,Dover
24031,253,Hagerstown & Frederick
1051,1,Montgomery
1009,5,Birmingham
25001,254,Boston
25013,258,Springfield
26041,261,Marquette
1025,2,Mobile
1055,8,Gadsden
26013,265,Houghton
1115,5,Birmingham
1065,4,Tuscaloosa
27137,283,Duluth
27107,279,Fargo
27173,284,Willmar
28087,302,Starkville & Columbus
29031,312,Cape Girardeau
29201,312,Cape Girardeau
29081,317,Trenton
30031,326,Bozeman
30071,340,Malta
30085,337,Glasgow & Wolf Point
30089,343,Thompson Falls
31103,352,O'Neill
34011,368,Trenton
34041,369,Newark & Jersey City
34005,368,Trenton
34023,369,Newark & Jersey City
35041,374,Clovis
37031,402,Jacksonville
37165,398,Fayetteville
37009,395,Boone
37075,123,Waynesville
38105,342,Williston
38085,417,Mobridge
39123,429,Sandusky
39125,427,Toledo
39035,420,Cleveland
40095,435,Ardmore
40013,435,Ardmore
40023,57,Idabel & De Queen & Mena
41033,457,Medford
41045,129,Boise
41001,447,La Grande
41021,453,NA
42045,90,Philadelphia
42049,385,Erie
42059,463,Pittsburgh
45053,471,Hilton Head Island & Aiken
45043,474,Myrtle Beach
45091,394,Charlotte
45057,394,Charlotte
46009,354,Yankton
47065,118,Chattanooga
47163,489,Johnson City
47009,486,Knoxville
47019,489,Johnson City
48273,499,McAllen
48391,499,McAllen
48201,501,Houston
48443,532,NA
48229,375,El Paso
48205,379,Dumas
48351,239,Beaumont & Lake Charles
54107,430,Parkersburg
49037,538,Moab
49033,132,Evanston
50027,367,Lebanon & Claremont
51119,555,Newport News
51131,541,Chincoteague
51117,397,Roanoke Rapids
51133,554,Warsaw & Tappahannock
51051,553,Big Stone Gap
51107,551,Winchester
51181,401,Virginia Beach
53027,450,Aberdeen
53053,561,Seattle
53047,135,Spokane
53071,460,Kennewick
2066,17,Valdez
54031,251,Cumberland
54023,251,Cumberland
55121,296,Eau Claire
55037,271,Marinette
2100,20,Haines
56045,579,Gillette
5013,44,El Dorado
5061,45,Hot Springs
5099,45,Hot Springs
5103,44,El Dorado
6063,68,Susanville
6101,62,Sacramento
6021,61,Redding & Chico
8015,76,Salida
8065,80,Rifle & Edwards
8027,78,Colorado Springs
12097,98,Orlando
12119,98,Orlando
12107,93,Jacksonville
13219,120,Athens
13135,109,Gainesville
13009,108,Milledgeville
13001,106,Douglas
13271,121,Dublin
13217,117,Atlanta
13163,116,Augusta
13267,115,Savannah
13317,116,Augusta
13319,108,Milledgeville
13237,108,Milledgeville
13079,113,Macon & Warner Robins
16013,134,Twin Falls
16023,131,Idaho Falls
16025,134,Twin Falls
17065,151,Mount Vernon & Centralia
18055,173,Bloomington
18051,162,Evansville
18027,162,Evansville
19039,187,Osceola
19001,175,Des Moines
20027,205,Manhattan
20171,217,Scott City
20047,204,Dodge City
21115,236,Pikeville
21175,223,Mount Sterling & Morehead
21095,237,Harlan
21187,221,Lexington
21097,221,Lexington
21197,223,Mount Sterling & Morehead
21069,228,Maysville
21063,226,Huntington
21079,221,Lexington
22069,244,Shreveport
22081,244,Shreveport
22001,238,Lafayette
23007,248,Portland
25015,258,Springfield
26095,268,Sault Ste. Marie
27097,280,St. Cloud
27023,284,Willmar
27139,278,Minneapolis
27087,279,Fargo
28121,299,Jackson
28083,301,Greenwood & Grenada
29113,160,St. Louis
29167,310,Springfield
29207,312,Cape Girardeau
30013,325,Great Falls
30093,331,Missoula
30055,337,Glasgow & Wolf Point
30059,326,Bozeman
30033,334,NA
31071,359,Ord
31115,359,Ord
31075,360,NA
36053,384,Syracuse
36077,383,Binghamton
36051,390,Rochester
37147,405,Greenville
37085,398,Fayetteville
37079,405,Greenville
37125,398,Fayetteville
37023,392,Hickory
37021,400,Asheville
37093,398,Fayetteville
38073,413,Lisbon & Oakes
38007,344,Dickinson
39101,419,Mansfield
40027,437,Oklahoma City
42071,462,Harrisburg & Lancaster
42043,462,Harrisburg & Lancaster
42067,468,State College
42027,468,State College
42035,466,Williamsport
42063,464,Altoona
42099,462,Harrisburg & Lancaster
45077,470,Greenville
45041,474,Myrtle Beach
45087,407,Spartanburg
46103,479,Rapid City
46095,356,Valentine
47035,494,Crossville
47021,490,Nashville
47005,488,Paris
47041,492,Cookeville
47129,486,Knoxville
47185,492,Cookeville
47151,486,Knoxville
47107,118,Chattanooga
47117,487,Murfreesboro
47003,487,Murfreesboro
48373,498,Lufkin
48139,445,Dallas
48491,502,Austin
48213,497,Tyler
48005,498,Lufkin
48441,512,Abilene
48199,239,Beaumont & Lake Charles
48055,502,Austin
48063,55,Texarkana
48395,506,College Station
48223,516,Greenville & Paris
48225,497,Tyler
48341,379,Dumas
48461,376,Odessa & Midland
48387,516,Greenville & Paris
48383,514,San Angelo
48313,522,Mexia
49051,536,Salt Lake City
49057,536,Salt Lake City
49035,536,Salt Lake City
51101,544,Richmond
51085,544,Richmond
51003,542,Charlottesville
51019,545,Lynchburg
51067,547,Roanoke
51015,546,Harrisonburg
51113,552,Culpeper
51053,544,Richmond
51121,547,Roanoke
51081,397,Roanoke Rapids
53005,460,Kennewick
54085,430,Parkersburg
54033,566,Morgantown
54017,566,Morgantown
54043,565,Charleston
54001,564,Elkins
54007,566,Morgantown
55111,574,Madison
55107,571,Rice Lake
72097,591,San Germán & Mayagüez
72031,590,San Juan
72113,589,Ponce
72039,588,Arecibo
72047,590,San Juan
72037,590,San Juan
72067,591,San Germán & Mayagüez
21237,223,Mount Sterling & Morehead
48243,507,Alpine
10003,90,Philadelphia
6005,60,Stockton & Modesto
6089,61,Redding & Chico
4013,35,Phoenix
12127,101,Deltona
12101,105,Tampa
12123,92,Gainesville
12017,98,Orlando
12131,100,Pensacola
12031,93,Jacksonville
12053,105,Tampa
12065,103,Tallahassee
12039,103,Tallahassee
17043,152,Chicago
17161,156,Davenport
13215,7,Columbus
13039,93,Jacksonville
13127,114,Brunswick
13049,93,Jacksonville
13241,123,Waynesville
1089,10,Huntsville
1071,8,Gadsden
5007,42,Fayetteville
4015,37,Los Angeles
4005,34,Prescott Valley & Flagstaff
5073,48,Magnolia
5133,57,Idabel & De Queen & Mena
5021,46,Jonesboro
5107,39,Forrest City
5093,56,Blytheville
5015,43,Harrison
6083,71,Santa Barbara
6111,37,Los Angeles
6025,38,Yuma
6065,37,Los Angeles
6051,66,Bakersfield
6023,65,Eureka
6093,69,Klamath Falls
8071,83,Trinidad
8123,84,Fort Collins
8069,84,Fort Collins
9110,88,Hartford & Bridgeport
38067,290,Grafton
37007,394,Charlotte
38053,342,Williston
39095,427,Toledo
39171,427,Toledo
41015,63,Brookings & Crescent City
41039,448,Eugene
41025,455,Burns
42051,463,Pittsburgh
42055,253,Hagerstown & Frederick
44007,256,Providence
45003,471,Hilton Head Island & Aiken
13251,115,Savannah
12095,98,Orlando
16033,131,Idaho Falls
16049,137,Lewiston & Pullman
16069,137,Lewiston & Pullman
16059,138,Salmon
17125,146,Springfield
16021,135,Spokane
17087,142,Carbondale
18129,162,Evansville
19111,155,Burlington
26073,264,Saginaw
26115,272,Detroit
19051,178,Ottumwa
19149,192,Sioux City
19063,188,Spencer
18081,166,Indianapolis
20147,207,Norton
36025,383,Binghamton
36061,382,New York
36065,384,Syracuse
8059,72,Denver
8037,80,Rifle & Edwards
40147,202,Bartlesville
21027,230,Elizabethtown
40075,442,Altus
40113,440,Tulsa
8117,80,Rifle & Edwards
36115,380,Albany
36009,381,Buffalo
21221,232,Clarksville
22075,240,New Orleans
8093,72,Denver
8051,82,Gunnison
22113,238,Lafayette
22101,241,Houma
8107,86,Steamboat Springs
22017,244,Shreveport
8029,79,Grand Junction
22123,247,Tallulah
22115,239,Beaumont & Lake Charles
23031,248,Portland
22091,246,Baton Rouge
23003,249,Presque Isle
2090,18,Fairbanks
2050,16,Bethel
2240,18,Fairbanks
23017,248,Portland
24037,91,Washington
24017,91,Washington
2188,27,Kotzebue
24021,253,Hagerstown & Frederick
24043,253,Hagerstown & Frederick
1043,5,Birmingham
1001,1,Montgomery
1121,6,Anniston
25025,254,Boston
25005,256,Providence
1131,2,Mobile
1091,4,Tuscaloosa
27027,279,Fargo
27017,283,Duluth
27119,294,Grand Forks
1041,1,Montgomery
1085,1,Montgomery
1063,4,Tuscaloosa
28149,245,Vicksburg
28153,304,Hattiesburg
29143,312,Cape Girardeau
29095,194,Kansas City
29183,160,St. Louis
29197,307,Kirksville
29023,313,Poplar Bluff
29157,312,Cape Girardeau
30003,324,Sheridan
30053,333,Kalispell
30051,336,NA
30005,325,Great Falls
30083,342,Williston
30001,323,Dillon
30009,327,Billings
32017,364,St. George
32033,363,Elko
33017,365,Nashua
34009,368,Trenton
34015,368,Trenton
34003,369,Newark & Jersey City
34019,369,Newark & Jersey City
35017,36,Deming
35045,74,Farmington
35039,371,Albuquerque
35007,373,Las Vegas
36045,389,Watertown
36019,387,Plattsburgh
36031,387,Plattsburgh
37095,396,Washington
37055,401,Virginia Beach
37129,399,Wilmington
37119,394,Charlotte
37137,402,Jacksonville
37089,400,Asheville
37115,400,Asheville
37155,398,Fayetteville
38017,279,Fargo
13185,112,Valdosta
13171,117,Atlanta
13133,108,Milledgeville
13183,115,Savannah
13019,112,Valdosta
13263,7,Columbus
13191,114,Brunswick
13205,107,Albany
13141,108,Milledgeville
13283,121,Dublin
13265,108,Milledgeville
15003,126,Honolulu
15001,125,Hilo
16063,134,Twin Falls
16037,138,Salmon
16039,129,Boise
16003,130,McCall
16029,132,Evanston
17047,150,Olney
18049,163,Fort Wayne
18175,168,Louisville
18013,164,Columbus
18009,165,Muncie
19105,180,Cedar Rapids
19077,175,Des Moines
20149,205,Manhattan
20055,211,Garden City
20167,209,Hays
20135,217,Scott City
20093,211,Garden City
21029,168,Louisville
21067,221,Lexington
21209,221,Lexington
21031,220,Bowling Green
21025,229,Hazard
21181,221,Lexington
21155,219,Bardstown & Campbellsville
21085,230,Elizabethtown
21177,220,Bowling Green
45069,474,Myrtle Beach
45007,470,Greenville
45083,407,Spartanburg
46127,192,Sioux City
46013,477,Aberdeen
47079,488,Paris
47029,493,Morristown
47155,493,Morristown
47167,51,Memphis
47147,490,Nashville
48167,501,Houston
48261,499,McAllen
48479,306,San Antonio
48409,499,McAllen
48141,375,El Paso
48321,501,Houston
48245,239,Beaumont & Lake Charles
49025,34,Prescott Valley & Flagstaff
51141,556,Martinsville
49005,139,Logan
49043,536,Salt Lake City
49047,535,Vernal
49023,536,Salt Lake City
50009,367,Lebanon & Claremont
51001,541,Chincoteague
51095,555,Newport News
51093,401,Virginia Beach
51153,91,Washington
51057,554,Warsaw & Tappahannock
51105,553,Big Stone Gap
51195,553,Big Stone Gap
51191,489,Johnson City
51083,549,South Boston & Farmville
51059,91,Washington
51171,546,Harrisonburg
53073,561,Seattle
53067,561,Seattle
53033,561,Seattle
53075,137,Lewiston & Pullman
53031,560,Port Angeles
53065,135,Spokane
54063,567,Beckley
54073,430,Parkersburg
54095,422,Wheeling
54047,548,Bluefield
54025,567,Beckley
54027,551,Winchester
54071,251,Cumberland
55003,570,Ashland
55011,296,Eau Claire
4007,35,Phoenix
5023,47,Heber Springs
5069,40,Pine Bluff
5029,49,Little Rock
5117,39,Forrest City
5057,45,Hot Springs
5067,53,Searcy
5039,44,El Dorado
6039,64,Fresno
6047,60,Stockton & Modesto
6103,61,Redding & Chico
6115,62,Sacramento
6043,64,Fresno
8053,82,Gunnison
8033,74,Farmington
12001,92,Gainesville
12073,103,Tallahassee
12093,99,Cape Coral
12013,94,Panama City
12007,93,Jacksonville
12023,92,Gainesville
13089,117,Atlanta
13139,109,Gainesville
13153,113,Macon & Warner Robins
13137,109,Gainesville
13157,109,Gainesville
13279,121,Dublin
13013,109,Gainesville
13269,7,Columbus
13113,117,Atlanta
48455,498,Lufkin
48015,501,Houston
48035,504,Killeen
48001,497,Tyler
48119,516,Greenville & Paris
48469,511,Victoria
48411,502,Austin
48459,526,Longview
48083,510,Stephenville & Brownwood
48153,508,Plainview
48471,501,Houston
48477,506,College Station
48335,520,Sweetwater
48343,55,Texarkana
48263,503,Snyder
48011,500,Amarillo
21153,236,Pikeville
21121,233,Richmond
21017,221,Lexington
21205,223,Mount Sterling & Morehead
21051,233,Richmond
21043,226,Huntington
21123,230,Elizabethtown
22103,240,New Orleans
22009,242,Alexandria
22073,243,Monroe
22127,244,Shreveport
22097,238,Lafayette
22025,242,Alexandria
22077,246,Baton Rouge
22041,247,Tallulah
24027,252,Baltimore
27053,278,Minneapolis
27013,282,Mankato
27039,287,Rochester
28029,299,Jackson
28089,299,Jackson
28081,297,Tupelo
28051,299,Jackson
28073,304,Hattiesburg
29057,310,Springfield
29205,322,Moberly
30063,331,Missoula
30043,326,Bozeman
30099,325,Great Falls
30049,326,Bozeman
30087,341,Colstrip
30027,332,Lewistown
30045,332,Lewistown
30023,331,Missoula
31167,346,Norfolk
31101,347,North Platte
32011,363,Elko
32015,363,Elko
34027,369,Newark & Jersey City
35033,373,Las Vegas
35011,374,Clovis
36091,380,Albany
37015,397,Roanoke Rapids
37027,392,Hickory
37111,392,Hickory
37153,398,Fayetteville
37123,398,Fayetteville
37083,397,Roanoke Rapids
37059,404,Winston-Salem
37199,400,Asheville
38005,410,NA
38003,409,Valley City
38059,412,Bismarck
38037,412,Bismarck
39147,431,Findlay
39059,430,Parkersburg
40073,437,Oklahoma City
41005,449,Portland
41047,449,Portland
41031,452,Bend
42031,385,Erie
42061,468,State College
45085,472,Columbia
45031,474,Myrtle Beach
45035,473,Charleston
45015,473,Charleston
45025,474,Myrtle Beach
45075,472,Columbia
45055,472,Columbia
45059,470,Greenville
45017,472,Columbia
45009,472,Columbia
46003,475,Mitchell & Huron
47045,495,Dyersburg
47093,486,Knoxville
47189,490,Nashville
47143,118,Chattanooga
47053,491,Jackson
47085,490,Nashville
47159,490,Nashville
47049,494,Crossville
47145,486,Knoxville
47105,486,Knoxville
47055,496,Spring Hill
47119,496,Spring Hill
47121,118,Chattanooga
47135,496,Spring Hill
47127,487,Murfreesboro
48091,306,San Antonio
48453,502,Austin
48475,376,Odessa & Midland
48161,522,Mexia
48073,497,Tyler
48293,522,Mexia
48499,497,Tyler
48333,510,Stephenville & Brownwood
48317,376,Odessa & Midland
23025,248,Portland
24033,91,Washington
24015,90,Philadelphia
1101,1,Montgomery
1095,8,Gadsden
25017,254,Boston
25027,254,Boston
26083,265,Houghton
1109,1,Montgomery
27167,279,Fargo
27073,284,Willmar
27089,294,Grand Forks
28055,300,Greenville
28021,245,Vicksburg
29013,194,Kansas City
29087,195,St. Joseph
30081,331,Missoula
31095,358,Lincoln
32003,362,Las Vegas
33007,367,Lebanon & Claremont
34033,368,Trenton
34021,368,Trenton
35055,378,Taos
36013,385,Erie
37019,399,Wilmington
37113,123,Waynesville
37013,396,Washington
37139,401,Virginia Beach
37173,123,Waynesville
38099,290,Grafton
39167,430,Parkersburg
39061,225,Cincinnati
40065,442,Altus
40079,443,McAlester
40135,50,Fort Smith
41035,69,Klamath Falls
42133,462,Harrisburg & Lancaster
42095,465,Allentown
42127,469,Scranton
45019,473,Charleston
45021,407,Spartanburg
46023,480,Parkston
47157,51,Memphis
47025,224,Middlesborough
48071,501,Houston
48323,517,Del Rio & Eagle Pass
48203,526,Longview
48037,55,Texarkana
48277,516,Greenville & Paris
48359,500,Amarillo
48315,526,Longview
49019,538,Moab
49045,536,Salt Lake City
51099,550,Fredericksburg
51027,548,Bluefield
53055,563,Friday Harbor
53011,449,Portland
53045,561,Seattle
53019,135,Spokane
54037,551,Winchester
55051,273,Ironwood
55007,570,Ashland
56029,578,Cody
4025,34,Prescott Valley & Flagstaff
49029,536,Salt Lake City
49011,536,Salt Lake City
51031,545,Lynchburg
51075,544,Richmond
51033,550,Fredericksburg
51155,547,Roanoke
51161,547,Roanoke
51149,544,Richmond
51147,549,South Boston & Farmville
51157,552,Culpeper
51029,549,South Boston & Farmville
51660,546,Harrisonburg
51007,544,Richmond
51097,544,Richmond
53077,562,Yakima
53017,559,Wenatchee
53041,561,Seattle
53043,135,Spokane
54021,566,Morgantown
54045,236,Pikeville
54081,567,Beckley
54093,564,Elkins
55133,576,Milwaukee
31091,349,Broken Bow
1003,2,Mobile
1129,2,Mobile
2122,15,Anchorage
5139,44,El Dorado
6073,59,San Diego
6081,58,San Francisco
6091,68,Susanville
6017,59,San Diego
6007,61,Redding & Chico
9170,88,Hartford & Bridgeport
6109,60,Stockton & Modesto
4021,35,Phoenix
12075,92,Gainesville
12045,94,Panama City
16087,129,Boise
13073,116,Augusta
13313,110,Dalton
13143,6,Anniston
16073,129,Boise
16043,131,Idaho Falls
17003,142,Carbondale
18047,170,Greensburg
26089,263,Traverse City
18147,162,Evansville
18183,163,Fort Wayne
8109,73,Alamosa
26121,262,Grand Rapids
21133,229,Hazard
40125,437,Oklahoma City
8043,78,Colorado Springs
26047,267,Petoskey & Cheboygan
8013,72,Denver
8049,81,Laramie
22045,238,Lafayette
22107,247,Tallulah
22019,239,Beaumont & Lake Charles
22125,246,Baton Rouge
2158,24,Kotlik
42029,90,Philadelphia
45029,473,Charleston
16007,132,Evanston
17185,162,Evansville
17129,146,Springfield
26163,272,Detroit
18083,153,Vincennes
19195,185,Mason City & Austin
18073,174,Hammond & Michigan City
36047,382,New York
26055,263,Traverse City
40087,437,Oklahoma City
36043,384,Syracuse
21059,235,Owensboro
26053,273,Ironwood
5041,40,Pine Bluff
6011,62,Sacramento
12083,98,Orlando
12049,104,Winter Haven
12125,93,Jacksonville
13311,109,Gainesville
13151,117,Atlanta
13105,120,Athens
13303,108,Milledgeville
13149,6,Anniston
13229,114,Brunswick
16041,139,Logan
17175,156,Davenport
18041,172,Richmond
19127,181,Waterloo
19021,183,Storm Lake
20161,205,Manhattan
21151,233,Richmond
21013,224,Middlesborough
21125,233,Richmond
21183,235,Owensboro
21055,231,Henderson
21231,234,Somerset
21131,229,Hazard
21189,229,Hazard
22071,240,New Orleans
22099,238,Lafayette
22039,238,Lafayette
23021,250,Bangor
26135,270,Houghton Lake
27015,282,Mankato
27145,280,St. Cloud
28111,304,Hattiesburg
29041,315,Chillicothe
29027,309,Columbia
29075,320,Maryville
29029,314,Osage Beach & Eldon
30007,326,Bozeman
30025,328,Baker
31171,349,Broken Bow
34035,369,Newark & Jersey City
37101,403,Raleigh
37099,123,Waynesville
38083,414,Carrington
40145,440,Tulsa
40133,437,Oklahoma City
41013,452,Bend
41061,447,La Grande
42091,90,Philadelphia
42013,464,Altoona
42033,385,Erie
42113,466,Williamsport
45047,470,Greenville
45067,474,Myrtle Beach
46137,481,Eagle Butte & North Eagle Butte
47097,495,Dyersburg
47063,493,Morristown
47173,486,Knoxville
47057,493,Morristown
48135,376,Odessa & Midland
48401,526,Longview
48103,376,Odessa & Midland
48115,505,Lubbock
48089,515,Gonzales
48287,502,Austin
48347,530,Nacogdoches
48025,499,McAllen
48405,530,Nacogdoches
48319,524,Kerrville
48173,376,Odessa & Midland
49007,534,Price
49017,537,Richfield
51041,544,Richmond
51177,550,Fredericksburg
51163,557,Lexington & Buena Vista
51023,547,Roanoke
51137,552,Culpeper
51063,547,Roanoke
51125,542,Charlottesville
53037,562,Yakima
54039,565,Charleston
54049,566,Morgantown
54109,567,Beckley
55001,569,Wausau
72141,584,Utuado
72003,585,Aguadilla
72023,591,San Germán & Mayagüez
17097,152,Chicago
17029,148,Decatur
5009,43,Harrison
6059,37,Los Angeles
6041,58,San Francisco
6085,70,San Jose
6077,60,Stockton & Modesto
6019,64,Fresno
9180,88,Hartford & Bridgeport
40089,57,Idabel & De Queen & Mena
41019,451,Roseburg
41051,449,Portland
42111,464,Altoona
42101,90,Philadelphia
30015,325,Great Falls
30073,335,Shelby & Cut Bank & Conrad
31155,358,Lincoln
31085,355,McCook
36111,388,Poughkeepsie
37167,394,Charlotte
37193,404,Winston-Salem
37117,396,Washington
38071,410,NA
39127,428,Columbus
40117,440,Tulsa
41023,454,John Day
41003,448,Eugene
45049,471,Hilton Head Island & Aiken
46093,479,Rapid City
46041,481,Eagle Butte & North Eagle Butte
46117,485,Pierre
47059,489,Johnson City
47031,487,Murfreesboro
47187,490,Nashville
47037,490,Nashville
48339,501,Houston
48227,376,Odessa & Midland
48289,522,Mexia
48241,239,Beaumont & Lake Charles
48449,55,Texarkana
51127,544,Richmond
51103,554,Warsaw & Tappahannock
51139,546,Harrisonburg
51017,543,Covington
51036,544,Richmond
53021,460,Kennewick
53025,558,Moses Lake
54087,565,Charleston
55057,289,La Crosse
56013,582,Riverton
5003,40,Pine Bluff
6053,70,San Jose
13027,112,Valdosta
16079,133,Coeur d'Alene
17189,151,Mount Vernon & Centralia
18089,174,Hammond & Michigan City
26029,267,Petoskey & Cheboygan
36081,382,New York
21007,159,Paducah
21089,226,Huntington
8005,72,Denver
24025,252,Baltimore
1117,5,Birmingham
25011,258,Springfield
29227,320,Maryville
37133,402,Jacksonville
37131,397,Roanoke Rapids
40141,438,Wichita Falls & Lawton
42125,463,Pittsburgh
45073,470,Greenville
48403,530,Nacogdoches
22105,246,Baton Rouge
23027,248,Portland
2110,21,Juneau
2180,26,Nome
24035,89,Dover
2070,19,Dillingham
24001,251,Cumberland
27031,285,Grand Marais
27075,283,Duluth
27077,292,Roseau
28109,240,New Orleans
28103,302,Starkville & Columbus
29171,307,Kirksville
30061,331,Missoula
30105,337,Glasgow & Wolf Point
30035,335,Shelby & Cut Bank & Conrad
32031,361,Reno
33015,365,Nashua
33009,367,Lebanon & Claremont
34001,368,Trenton
37039,124,Andrews
37177,396,Washington
37053,401,Virginia Beach
37029,401,Virginia Beach
37161,407,Spartanburg
38077,279,Fargo
38097,294,Grand Forks
13315,111,Tifton
13025,114,Brunswick
15007,128,Kapaa
16031,136,Burley
19179,178,Ottumwa
19035,183,Storm Lake
20081,215,Liberal
21167,227,Danville
21235,233,Richmond
21239,221,Lexington
21217,219,Bardstown & Campbellsville
21099,222,Glasgow
47013,486,Knoxville
47073,489,Johnson City
47183,159,Paducah
47123,486,Knoxville
48215,499,McAllen
48057,511,Victoria
48465,517,Del Rio & Eagle Pass
48419,530,Nacogdoches
51159,554,Warsaw & Tappahannock
51069,551,Winchester
51165,546,Harrisonburg
53057,561,Seattle
53049,450,Aberdeen
55023,177,Platteville
4009,36,Deming
5011,40,Pine Bluff
5109,45,Hot Springs
5145,53,Searcy
5085,49,Little Rock
5019,45,Hot Springs
12105,104,Winter Haven
12055,104,Winter Haven
12133,94,Panama City
12029,92,Gainesville
48507,517,Del Rio & Eagle Pass
48349,445,Dallas
48051,506,College Station
48473,501,Houston
48185,506,College Station
48033,505,Lubbock
49049,536,Salt Lake City
22021,243,Monroe
22063,246,Baton Rouge
22059,242,Alexandria
23023,248,Portland
26071,271,Marinette
27061,283,Duluth
28049,299,Jackson
28161,303,Oxford
28163,299,Jackson
28053,300,Greenville
12009,95,Palm Bay & Port St. Lucie
4027,38,Yuma
5131,50,Fort Smith
6013,58,San Francisco
9130,88,Hartford & Bridgeport
41055,456,The Dalles
16083,134,Twin Falls
16035,137,Lewiston & Pullman
26147,272,Detroit
19185,187,Osceola
36103,382,New York
21003,220,Bowling Green
8097,80,Rifle & Edwards
23005,248,Portland
1035,11,Andalusia & Atmore
28143,51,Memphis
29189,160,St. Louis
30029,333,Kalispell
37043,124,Andrews
49003,139,Logan
51179,550,Fredericksburg
2282,17,Valdez
12129,103,Tallahassee
13021,113,Macon & Warner Robins
13029,115,Savannah
16077,131,Idaho Falls
19031,180,Cedar Rapids
21119,229,Hazard
22053,239,Beaumont & Lake Charles
27021,277,Bemidji & Brainerd
30079,329,Miles City
37159,394,Charlotte
39021,424,Dayton
45005,471,Hilton Head Island & Aiken
46055,483,NA
48041,506,College Station
48053,502,Austin
48407,501,Houston
51111,549,South Boston & Farmville
51840,551,Winchester
54067,568,Summersville
72127,590,San Juan
12057,105,Tampa
12047,92,Gainesville
13051,115,Savannah
1049,8,Gadsden
5091,55,Texarkana
8113,79,Grand Junction
6033,67,Clearlake & Ukiah
39161,418,Lima
42017,90,Philadelphia
45013,471,Hilton Head Island & Aiken
36063,381,Buffalo
36119,388,Poughkeepsie
36105,388,Poughkeepsie
8001,72,Denver
22029,245,Vicksburg
22037,246,Baton Rouge
2195,28,Sitka
24019,89,Dover
1073,5,Birmingham
25007,257,Vineyard Haven
26141,260,Alpena
27069,290,Grafton
28157,298,McComb & Brookhaven
29037,194,Kansas City
34031,369,Newark & Jersey City
37141,399,Wilmington
37091,397,Roanoke Rapids
13305,115,Savannah
13195,120,Athens
13289,113,Macon & Warner Robins
16085,130,McCall
19075,181,Waterloo
21179,219,Bardstown & Campbellsville
47165,490,Nashville
48427,499,McAllen
48377,507,Alpine
51143,391,Burlington
53015,449,Portland
54057,251,Cumberland
5045,49,Little Rock
5095,39,Forrest City
12117,98,Orlando
12041,92,Gainesville
48239,511,Victoria
48019,306,San Antonio
21005,221,Lexington
22015,244,Shreveport
29033,315,Chillicothe
30077,331,Missoula
30069,339,NA
37087,123,Waynesville
37121,400,Asheville
40101,433,Muskogee
42097,466,Williamsport
45061,472,Columbia
45027,472,Columbia
47001,486,Knoxville
47081,490,Nashville
48381,500,Amarillo
48481,501,Houston
51047,552,Culpeper
54013,565,Charleston
54083,564,Elkins
56003,578,Cody
6079,71,Santa Barbara
6057,62,Sacramento
17197,152,Chicago
17165,154,Harrisburg
26109,271,Marinette
36113,380,Albany
22031,244,Shreveport
2013,13,King Cove
1047,4,Tuscaloosa
1099,11,Andalusia & Atmore
30057,326,Bozeman
36075,384,Syracuse
40067,438,Wichita Falls & Lawton
44005,256,Providence
48007,499,McAllen
54011,226,Huntington
55075,271,Marinette
5111,46,Jonesboro
12121,92,Gainesville
13075,112,Valdosta
16005,131,Idaho Falls
21109,233,Richmond
22079,242,Alexandria
27129,284,Willmar
29211,307,Kirksville
30047,333,Kalispell
35043,371,Albuquerque
42023,467,St. Marys
47149,487,Murfreesboro
48187,306,San Antonio
48189,508,Plainview
49015,534,Price
51167,548,Bluefield
54019,567,Beckley
13007,107,Albany
12103,105,Tampa
46123,482,Winner
48355,499,McAllen
48043,507,Alpine
51185,548,Bluefield
54065,551,Winchester
12069,98,Orlando
13107,115,Savannah
13181,116,Augusta
19029,179,Denison & Atlantic
21107,231,Henderson
22083,247,Tallulah
27171,293,Otsego
35021,373,Las Vegas
39079,432,Chillicothe & Portsmouth
41043,448,Eugene
48029,306,San Antonio
48423,497,Tyler
48311,306,San Antonio
49013,535,Vernal
51009,545,Lynchburg
72015,589,Ponce
11001,91,Washington
12089,93,Jacksonville
6087,70,San Jose
8023,73,Alamosa
41007,450,Aberdeen
42103,469,Scranton
17153,142,Carbondale
18123,162,Evansville
36059,382,New York
26097,268,Sault Ste. Marie
22087,240,New Orleans
22035,247,Tallulah
25009,254,Boston
28151,300,Greenville
29099,160,St. Louis
34013,369,Newark & Jersey City
13291,124,Andrews
13309,121,Dublin
17027,151,Mount Vernon & Centralia
18157,161,Lafayette
20069,204,Dodge City
45045,470,Greenville
48061,499,McAllen
54059,236,Pikeville
55029,572,Green Bay
5001,39,Forrest City
12077,94,Panama City
13261,122,Americus
48353,520,Sweetwater
21203,233,Richmond
22033,246,Baton Rouge
29195,311,Sedalia & Warrensburg
13033,116,Augusta
13301,116,Augusta
13221,120,Athens
16015,129,Boise
18125,162,Evansville
20203,217,Scott City
21033,231,Henderson
45065,470,Greenville
47091,395,Boone
48039,501,Houston
51193,550,Fredericksburg
53035,561,Seattle
54103,422,Wheeling
55043,177,Platteville
5147,53,Searcy
8057,81,Laramie
48447,518,Graham
48301,376,Odessa & Midland
21147,234,Somerset
22043,242,Alexandria
30039,331,Missoula
35019,373,Las Vegas
37065,406,Rocky Mount & Wilson
37017,398,Fayetteville
45079,472,Columbia
45089,474,Myrtle Beach
46075,356,Valentine
47033,491,Jackson
47089,493,Morristown
48379,516,Greenville & Paris
28033,51,Memphis
38035,294,Grand Forks
45051,474,Myrtle Beach
54099,226,Huntington
56007,580,Rock Springs
51145,544,Richmond
51005,543,Covington
5017,40,Pine Bluff
8011,75,Lamar
13121,117,Atlanta
15009,127,Kahului
18071,164,Columbus
22055,238,Lafayette
28137,51,Memphis
29019,309,Columbia
35051,375,El Paso
48105,514,San Angelo
49055,537,Richfield
51830,555,Newport News
6107,64,Fresno
41065,456,The Dalles
37163,405,Greenville
42089,469,Scranton
48265,524,Kerrville
56035,140,Jackson
24029,89,Dover
37047,399,Wilmington
18069,163,Fort Wayne
51199,555,Newport News
53029,561,Seattle
5075,46,Jonesboro
27103,282,Mankato
5025,40,Pine Bluff
6113,62,Sacramento
26035,264,Saginaw
21159,236,Pikeville
22057,241,Houma
26007,260,Alpena
27163,278,Minneapolis
29069,56,Blytheville
39043,429,Sandusky
12109,93,Jacksonville
12035,101,Deltona
37051,398,Fayetteville
38055,412,Bismarck
39073,428,Columbus
41017,452,Bend
45063,472,Columbia
48371,531,Fort Stockton
2164,25,NA
26003,261,Marquette
34007,368,Trenton
48361,239,Beaumont & Lake Charles
54003,551,Winchester
51187,551,Winchester
51640,393,Wytheville & Galax
6069,70,San Jose
22065,247,Tallulah
8035,72,Denver
6009,60,Stockton & Modesto
8111,80,Rifle & Edwards
13189,116,Augusta
16061,137,Lewiston & Pullman
19107,178,Ottumwa
21011,223,Mount Sterling & Morehead
22013,243,Monroe
37127,406,Rocky Mount & Wilson
37057,404,Winston-Salem
42129,463,Pittsburgh
51087,544,Richmond
51175,401,Virginia Beach
55067,569,Wausau
48155,521,Vernon
13213,110,Dalton
9190,88,Hartford & Bridgeport
37103,402,Jacksonville
47113,491,Jackson
48467,376,Odessa & Midland
54005,565,Charleston
24009,91,Washington
28001,245,Vicksburg
20025,204,Dodge City
9140,88,Hartford & Bridgeport
13031,115,Savannah
27127,284,Willmar
6095,58,San Francisco
29199,307,Kirksville
13179,115,Savannah
1097,2,Mobile
1039,11,Andalusia & Atmore
1119,4,Tuscaloosa
1075,12,Hamilton
1029,6,Anniston
4017,32,Gallup
5035,51,Memphis
6099,60,Stockton & Modesto
5055,46,Jonesboro
8081,86,Steamboat Springs
8115,87,Sidney
12087,96,Miami
12081,97,North Port & Port Charlotte
9120,88,Hartford & Bridgeport
17171,146,Springfield
17001,141,Quincy
17095,156,Davenport
13147,120,Athens
17083,143,Alton
17091,157,Kankakee
13285,7,Columbus
16075,129,Boise
12051,99,Cape Coral
17135,143,Alton
17119,143,Alton
17037,152,Chicago
17089,152,Chicago
16057,137,Lewiston & Pullman
17179,145,Peoria
17023,149,Terre Haute
13295,118,Chattanooga
17073,156,Davenport
13101,112,Valdosta
19133,192,Sioux City
18075,165,Muncie
19061,158,Dubuque
26129,270,Houghton Lake
18033,163,Fort Wayne
18087,171,South Bend
26021,171,South Bend
26165,275,Cadillac
19097,158,Dubuque
26059,274,Jackson
26005,262,Grand Rapids
19109,184,Fort Dodge
26139,262,Grand Rapids
19119,191,Sioux Center
16081,140,Jackson
17069,154,Harrisburg
17059,154,Harrisburg
17147,147,Champaign & Bloomington
17121,151,Mount Vernon & Centralia
26065,269,Lansing
19053,187,Osceola
26051,264,Saginaw
26105,276,Ludington & Manistee
18135,165,Muncie
40143,440,Tulsa
36079,388,Poughkeepsie
40097,439,Miami
36029,381,Buffalo
26085,275,Cadillac
40021,433,Muskogee
21023,228,Maysville
26045,269,Lansing
40035,439,Miami
26155,269,Lansing
20119,215,Liberal
20099,193,Parsons & Chanute
20077,200,Wichita
20043,195,St. Joseph
20157,206,Concordia
20005,195,St. Joseph
21075,159,Paducah
8003,73,Alamosa
36001,380,Albany
40015,437,Oklahoma City
28095,297,Tupelo
21035,159,Paducah
26061,265,Houghton
40105,202,Bartlesville
8087,84,Fort Collins
8105,73,Alamosa
8089,78,Colorado Springs
2068,18,Fairbanks
2275,31,Wrangell
24023,251,Cumberland
1021,5,Birmingham
25019,259,NA
1103,10,Huntsville
26017,264,Saginaw
26151,272,Detroit
1037,6,Anniston
27043,185,Mason City & Austin
27117,295,Sioux Falls
27055,289,La Crosse
27071,291,International Falls
28039,305,Gulfport
28023,9,Meridian
41067,449,Portland
55081,289,La Crosse
55129,571,Rice Lake
55085,575,Rhinelander
56025,581,Casper
13239,3,Dothan
32029,361,Reno
51720,553,Big Stone Gap
39013,422,Wheeling
39135,424,Dayton
41071,449,Portland
42003,463,Pittsburgh
42005,463,Pittsburgh
42119,466,Williamsport
56009,581,Casper
72021,590,San Juan
8085,79,Grand Junction
12115,97,North Port & Port Charlotte
12021,99,Cape Coral
39025,225,Cincinnati
39037,424,Dayton
42077,465,Allentown
42037,466,Williamsport
72051,590,San Juan
72073,584,Utuado
12099,95,Palm Bay & Port St. Lucie
12061,95,Palm Bay & Port St. Lucie
39093,420,Cleveland
39007,420,Cleveland
45023,394,Charlotte
45001,470,Greenville
46035,475,Mitchell & Huron
72059,589,Ponce
72075,589,Ponce
12059,94,Panama City
17007,144,Rockford
17049,148,Decatur
31059,357,Grand Island
31121,357,Grand Island
31047,353,Kearney
46097,295,Sioux Falls
46087,295,Sioux Falls
46015,478,Chamberlain
46073,475,Mitchell & Huron
72131,585,Aguadilla
72011,585,Aguadilla
17019,147,Champaign & Bloomington
17013,143,Alton
31181,345,Hastings
31163,353,Kearney
31007,348,Cheyenne
31113,347,North Platte
46119,485,Pierre
47133,492,Cookeville
48157,501,Houston
72099,585,Aguadilla
72061,590,San Juan
17133,160,St. Louis
17183,161,Lafayette
17107,146,Springfield
33013,365,Nashua
35005,372,Roswell
36023,386,Ithaca & Elmira
48013,306,San Antonio
48121,445,Dallas
48325,306,San Antonio
72105,590,San Juan
72079,591,San Germán & Mayagüez
17199,142,Carbondale
13111,119,Woodstock
17177,144,Rockford
36041,380,Albany
36097,386,Ithaca & Elmira
36123,390,Rochester
48027,504,Killeen
48049,510,Stephenville & Brownwood
48231,516,Greenville & Paris
72057,589,Ponce
72025,586,Caguas
1083,10,Huntsville
4003,33,Tucson
4023,33,Tucson
37183,403,Raleigh
37151,404,Winston-Salem
48259,306,San Antonio
48233,500,Amarillo
48207,503,Snyder
48099,504,Killeen
72029,590,San Juan
72041,587,Cayey
4011,36,Deming
5113,57,Idabel & De Queen & Mena
37061,405,Greenville
37035,392,Hickory
48183,526,Longview
48101,513,Childress
48193,510,Stephenville & Brownwood
48437,508,Plainview
48125,503,Snyder
72139,590,San Juan
72063,586,Caguas
5005,41,Mountain Home
6075,58,San Francisco
6027,66,Bakersfield
6061,62,Sacramento
37107,405,Greenville
38089,344,Dickinson
48445,505,Lubbock
48425,527,Fort Worth
48069,374,Clovis
48175,511,Victoria
48235,514,San Angelo
48107,505,Lubbock
48413,514,San Angelo
49041,537,Richfield
72109,589,Ponce
72153,591,San Germán & Mayagüez
6035,68,Susanville
6029,66,Bakersfield
38015,412,Bismarck
38047,415,Jamestown
38043,412,Bismarck
49001,364,St. George
50023,367,Lebanon & Claremont
50015,540,Burlington
72001,584,Utuado
72145,588,Arecibo
8007,74,Farmington
8103,86,Steamboat Springs
8075,85,Sterling
39003,418,Lima
39137,418,Lima
39139,419,Mansfield
39011,418,Lima
51135,549,South Boston & Farmville
51790,546,Harrisonburg
51670,544,Richmond
72055,591,San Germán & Mayagüez
72133,589,Ponce
9160,88,Hartford & Bridgeport
38013,342,Williston
38079,416,Rugby
38075,411,Minot
39133,420,Cleveland
39005,419,Mansfield
39065,431,Findlay
39175,431,Findlay
51750,547,Roanoke
51183,544,Richmond
51610,91,Washington
51595,397,Roanoke Rapids
72121,591,San Germán & Mayagüez
72147,593,Vieques
39145,432,Chillicothe & Portsmouth
39087,226,Huntington
39115,430,Parkersburg
39067,422,Wheeling
40061,443,McAlester
51620,401,Virginia Beach
53001,558,Moses Lake
54091,566,Morgantown
72071,585,Aguadilla
72017,588,Arecibo
39029,426,Youngstown
39099,426,Youngstown
40011,437,Oklahoma City
40091,433,Muskogee
55025,574,Madison
55103,574,Madison
55135,573,Appleton
72111,589,Ponce
72093,591,San Germán & Mayagüez
13231,117,Atlanta
13055,110,Dalton
13011,109,Gainesville
13003,106,Douglas
31025,190,Omaha
31061,353,Kearney
31175,359,Ord
48337,445,Dallas
48211,525,Pampa
48111,379,Dumas
50001,540,Burlington
13321,107,Albany
18181,161,Lafayette
18011,166,Indianapolis
13125,116,Augusta
16001,129,Boise
32023,362,Las Vegas
32005,59,San Diego
51740,401,Virginia Beach
51800,401,Virginia Beach
51520,489,Johnson City
18121,149,Terre Haute
18101,173,Bloomington
20141,216,Beloit
21071,236,Pikeville
21001,219,Bardstown & Campbellsville
16011,131,Idaho Falls
16065,131,Idaho Falls
33005,366,Keene
35006,32,Gallup
35015,372,Roswell
53063,135,Spokane
53023,137,Lewiston & Pullman
21227,220,Bowling Green
21009,222,Glasgow
17009,141,Quincy
18037,162,Evansville
18015,161,Lafayette
36085,382,New York
36033,387,Plattsburgh
54009,422,Wheeling
55117,577,Sheboygan
21219,220,Bowling Green
21073,221,Lexington
21173,223,Mount Sterling & Morehead
29103,307,Kirksville
31003,346,Norfolk
31089,352,O'Neill
37071,394,Charlotte
37041,401,Virginia Beach
55059,152,Chicago
55083,572,Green Bay
21215,168,Louisville
21045,227,Danville
21223,169,Madison
21139,159,Paducah
29141,314,Osage Beach & Eldon
29225,310,Springfield
29083,311,Sedalia & Warrensburg
30037,327,Billings
37033,391,Burlington
37181,403,Raleigh
38051,415,Jamestown
38009,411,Minot
55105,576,Milwaukee
55013,571,Rice Lake
21201,228,Maysville
21149,235,Owensboro
19019,181,Waterloo
19055,158,Dubuque
19013,181,Waterloo
19117,187,Osceola
19011,180,Cedar Rapids
19025,184,Fort Dodge
38095,416,Rugby
38019,290,Grafton
39017,225,Cincinnati
39107,418,Lima
55095,571,Rice Lake
55031,283,Duluth
22003,239,Beaumont & Lake Charles
22121,246,Baton Rouge
19027,182,Ames
19069,189,Iowa Falls & Hampton
19157,175,Des Moines
19147,188,Spencer
19017,181,Waterloo
19041,188,Spencer
40033,438,Wichita Falls & Lawton
40139,446,Guymon
56037,580,Rock Springs
56015,583,Torrington
56039,140,Jackson
22061,243,Monroe
26137,270,Houghton Lake
26143,270,Houghton Lake
27059,278,Minneapolis
19091,184,Fort Dodge
20173,200,Wichita
20079,214,Hutchinson
20009,197,Great Bend
20145,197,Great Bend
40085,445,Dallas
40045,441,Woodward
5119,49,Little Rock
5101,43,Harrison
5141,47,Heber Springs
27153,288,Alexandria & Fergus Falls
27131,282,Mankato
27121,288,Alexandria & Fergus Falls
27113,294,Grand Forks
20031,201,Emporia
20059,194,Kansas City
20165,209,Hays
20105,210,Salina
20097,196,Pratt
20195,209,Hays
40003,434,Enid
40007,215,Liberal
5129,47,Heber Springs
5065,52,Batesville
5037,39,Forrest City
28079,9,Meridian
28043,301,Greenwood & Grenada
28123,9,Meridian
28107,303,Oxford
28101,9,Meridian
28011,300,Greenville
29119,42,Fayetteville
41063,461,Enterprise
41049,460,Kennewick
42115,469,Scranton
8021,73,Alamosa
28035,304,Hattiesburg
28139,297,Tupelo
29077,310,Springfield
29159,311,Sedalia & Warrensburg
29149,319,West Plains
29510,160,St. Louis
29111,141,Quincy
46007,351,Alliance
46083,295,Sioux Falls
46011,476,Brookings & Watertown
48067,55,Texarkana
12067,92,Gainesville
13247,117,Atlanta
13209,121,Dublin
29221,321,Farmington
29055,160,St. Louis
29065,318,Rolla
29139,160,St. Louis
29097,198,Joplin
1013,1,Montgomery
30091,330,Plentywood
46031,417,Mobridge
47125,232,Clarksville
13115,110,Dalton
13199,7,Columbus
29047,194,Kansas City
29025,195,St. Joseph
29169,318,Rolla
29085,310,Springfield
31131,308,Nebraska City
31043,192,Sioux City
31165,348,Cheyenne
47027,492,Cookeville
47137,492,Cookeville
13095,107,Albany
13071,107,Albany
29223,313,Poplar Bluff
29105,318,Rolla
29135,309,Columbia
31173,192,Sioux City
31027,354,Yankton
48271,517,Del Rio & Eagle Pass
48079,505,Lubbock
48369,374,Clovis
13091,113,Macon & Warner Robins
13299,114,Brunswick
13035,117,Atlanta
13259,122,Americus
31107,354,Yankton
31051,346,Norfolk
31087,355,McCook
48077,438,Wichita Falls & Lawton
48097,445,Dallas
13297,109,Gainesville
13059,120,Athens
18105,173,Bloomington
18143,168,Louisville
18119,173,Bloomington
18023,161,Lafayette
47099,496,Spring Hill
47067,224,Middlesborough
5115,54,Russellville
5079,40,Pine Bluff
5051,45,Hot Springs
27035,277,Bemidji & Brainerd
27109,287,Rochester
27147,282,Mankato
18145,166,Indianapolis
18045,161,Lafayette
18149,171,South Bend
47011,118,Chattanooga
35023,36,Deming
48295,446,Guymon
5123,39,Forrest City
6105,61,Redding & Chico
8095,85,Sterling
8125,85,Sterling
8047,72,Denver
27019,278,Minneapolis
27083,284,Willmar
27161,282,Mankato
18115,169,Madison
19093,183,Storm Lake
19067,185,Mason City & Austin
19165,179,Denison & Atlantic
48421,379,Dumas
48357,446,Guymon
48087,513,Childress
48495,376,Odessa & Midland
48501,523,Seminole
8073,78,Colorado Springs
8025,78,Colorado Springs
8079,73,Alamosa
27009,280,St. Cloud
27079,282,Mankato
19141,191,Sioux Center
19169,182,Ames
19099,175,Des Moines
19183,180,Cedar Rapids
19065,181,Waterloo
49009,535,Vernal
12019,93,Jacksonville
13057,119,Woodstock
41037,458,Lakeview
37005,393,Wytheville & Galax
38021,413,Lisbon & Oakes
19003,176,Creston
19137,176,Creston
19173,176,Creston
19079,182,Ames
20155,214,Hutchinson
50025,366,Keene
13017,111,Tifton
13233,110,Dalton
38001,408,Bowman
38011,408,Bowman
38023,342,Williston
20015,200,Wichita
20051,209,Hays
20053,210,Salina
20029,206,Concordia
50021,540,Burlington
13067,117,Atlanta
13235,113,Macon & Warner Robins
48399,514,San Angelo
13085,109,Gainesville
13293,117,Atlanta
20085,208,Topeka
20177,208,Topeka
20049,202,Bartlesville
20139,208,Topeka
50017,367,Lebanon & Claremont
51650,555,Newport News
48363,527,Fort Worth
48237,518,Graham
48279,374,Clovis
48255,306,San Antonio
48081,514,San Angelo
48297,306,San Antonio
13015,110,Dalton
13177,107,Albany
20115,214,Hutchinson
20057,204,Dodge City
20189,218,Hugoton
20159,214,Hutchinson
20151,196,Pratt
51710,401,Virginia Beach
51810,401,Virginia Beach
51013,91,Washington
48191,508,Plainview
48269,503,Snyder
48171,524,Kerrville
48435,514,San Angelo
48159,55,Texarkana
13273,107,Albany
13249,122,Americus
13277,111,Tifton
20061,205,Manhattan
20193,212,Colby
20143,210,Salina
20205,202,Bartlesville
20109,212,Colby
51550,401,Virginia Beach
53039,456,The Dalles
53069,449,Portland
48131,509,Alice
48283,306,San Antonio
48429,518,Graham
48503,518,Graham
48195,446,Guymon
48023,503,Snyder
48127,517,Del Rio & Eagle Pass
48169,505,Lubbock
13255,117,Atlanta
13165,115,Savannah
20067,77,Ulysses
20199,213,Goodland
20033,196,Pratt
20101,217,Scott City
21157,159,Paducah
21083,159,Paducah
21049,221,Lexington
53051,135,Spokane
54053,421,Athens
48137,519,Uvalde
48095,514,San Angelo
21193,229,Hazard
21229,219,Bardstown & Campbellsville
13193,122,Americus
13175,121,Dublin
21087,219,Bardstown & Campbellsville
45033,474,Myrtle Beach
54035,565,Charleston
54051,422,Wheeling
21137,227,Danville
21065,233,Richmond
21129,229,Hazard
13257,109,Gainesville
13005,106,Douglas
46135,354,Yankton
46099,295,Sioux Falls
46027,354,Yankton
54055,548,Bluefield
54069,422,Wheeling
22049,243,Monroe
22093,240,New Orleans
23001,248,Portland
13161,106,Douglas
13065,112,Valdosta
46053,482,Winner
46039,476,Brookings & Watertown
46101,295,Sioux Falls
54029,422,Wheeling
55127,576,Milwaukee
23011,248,Portland
26087,272,Detroit
16045,129,Boise
17053,147,Champaign & Bloomington
46109,281,Milbank
46091,281,Milbank
55093,278,Minneapolis
55063,289,La Crosse
27003,278,Minneapolis
27123,278,Minneapolis
17169,146,Springfield
17035,148,Decatur
18107,161,Lafayette
18103,167,Logansport
46102,351,Alliance
46019,479,Rapid City
55061,572,Green Bay
55065,574,Madison
56011,579,Gillette
56005,579,Gillette
27111,288,Alexandria & Fergus Falls
27141,280,St. Cloud
18179,163,Fort Wayne
18063,166,Indianapolis
18035,165,Muncie
18005,164,Columbus
18021,149,Terre Haute
47069,491,Jackson
47103,10,Huntsville
2230,30,Skagway
5059,45,Hot Springs
5105,49,Little Rock
22027,244,Shreveport
23009,250,Bangor
23029,250,Bangor
2150,23,Kodiak
24041,89,Dover
24045,89,Dover
24003,252,Baltimore
1045,3,Dothan
1105,4,Tuscaloosa
17143,145,Peoria
17071,155,Burlington
19043,177,Platteville
18113,163,Fort Wayne
19191,186,Decorah
24510,252,Baltimore
2060,15,Anchorage
1031,3,Dothan
1011,1,Montgomery
31083,353,Kearney
31147,199,Falls City
17193,150,Olney
17011,145,Peoria
19129,190,Omaha
18079,164,Columbus
26093,272,Detroit
26043,271,Marinette
26001,260,Alpena
31153,190,Omaha
31161,351,Alliance
17025,150,Olney
16071,139,Logan
18095,166,Indianapolis
20103,194,Kansas City
26031,267,Petoskey & Cheboygan
27063,286,Worthington
27105,286,Worthington
33003,365,Nashua
35031,32,Gallup
16019,131,Idaho Falls
17145,142,Carbondale
26009,263,Traverse City
20209,194,Kansas City
27045,287,Rochester
27169,296,Eau Claire
35035,377,Alamogordo
37045,394,Charlotte
37145,403,Raleigh
16055,133,Coeur d'Alene
17203,145,Peoria
17123,145,Peoria
20121,194,Kansas City
20183,216,Beloit
20201,206,Concordia
27025,278,Minneapolis
27091,286,Worthington
35009,374,Clovis
35029,36,Deming
36073,390,Rochester
17101,153,Vincennes
17151,154,Harrisburg
17131,156,Davenport
36005,382,New York
20019,202,Bartlesville
28059,305,Gulfport
28045,305,Gulfport
37179,394,Charlotte
37187,396,Washington
17015,144,Rockford
26161,272,Detroit
36055,390,Rochester
20075,211,Garden City
36057,380,Albany
28113,298,McComb & Brookhaven
28027,303,Oxford
28057,297,Tupelo
37077,403,Raleigh
37073,401,Virginia Beach
18019,168,Louisville
18167,149,Terre Haute
21145,159,Paducah
40099,435,Ardmore
28093,51,Memphis
28041,305,Gulfport
34029,370,Long Branch
34025,370,Long Branch
18097,166,Indianapolis
18077,169,Madison
26081,262,Grand Rapids
40123,435,Ardmore
8041,78,Colorado Springs
29145,198,Joplin
29213,310,Springfield
29155,56,Blytheville
34017,369,Newark & Jersey City
34039,369,Newark & Jersey City
18171,161,Lafayette
26125,272,Detroit
21105,159,Paducah
36087,388,Poughkeepsie
40109,437,Oklahoma City
29153,41,Mountain Home
29091,319,West Plains
29011,198,Joplin
40115,439,Miami
40151,434,Enid
18141,171,South Bend
26027,171,South Bend
26067,262,Grand Rapids
21053,234,Somerset
36003,381,Buffalo
29165,194,Kansas City
29163,141,Quincy
41057,459,Newport
41027,456,The Dalles
26069,260,Alpena
18155,169,Madison
18177,172,Richmond
21091,235,Owensboro
21041,169,Madison
29147,320,Maryville
29005,308,Nebraska City
41059,460,Kennewick
42073,426,Youngstown
42009,464,Altoona
19155,190,Omaha
19005,177,Platteville
36021,380,Albany
26133,275,Cadillac
29045,155,Burlington
29009,310,Springfield
42085,426,Youngstown
42083,467,St. Marys
42015,466,Williamsport
42123,385,Erie
18163,162,Evansville
26157,272,Detroit
26023,266,Kalamazoo
21047,232,Clarksville
40037,440,Tulsa
29217,316,Nevada
30101,335,Shelby & Cut Bank & Conrad
31135,347,North Platte
44001,256,Providence
17195,144,Rockford
18029,169,Madison
19071,176,Creston
21185,168,Louisville
40009,436,Weatherford & Elk City
26131,273,Ironwood
1125,4,Tuscaloosa
24011,89,Dover
1015,6,Anniston
17159,150,Olney
13119,120,Athens
19145,176,Creston
19167,191,Sioux Center
19189,185,Mason City & Austin
26077,266,Kalamazoo
26057,264,Saginaw
26145,264,Saginaw
22109,241,Houma
8119,78,Colorado Springs
22117,240,New Orleans
22085,244,Shreveport
22119,244,Shreveport
55069,569,Wausau
55019,569,Wausau
55123,289,La Crosse
18039,171,South Bend
18001,163,Fort Wayne
26113,275,Cadillac
17057,145,Peoria
40083,437,Oklahoma City
36069,390,Rochester
19101,178,Ottumwa
19115,180,Cedar Rapids
19123,178,Ottumwa
20133,193,Parsons & Chanute
20113,214,Hutchinson
55053,296,Eau Claire
55015,573,Appleton
55027,573,Appleton
18151,163,Fort Wayne
19139,180,Cedar Rapids
26037,269,Lansing
19059,188,Spencer
21111,168,Louisville
21037,225,Cincinnati
20087,208,Topeka
20153,203,Atwood & St. Francis
20207,193,Parsons & Chanute
20123,216,Beloit
20179,212,Colby
55087,573,Appleton
55033,296,Eau Claire
55017,296,Eau Claire
20129,218,Hugoton
20125,202,Bartlesville
26019,263,Traverse City
18057,166,Indianapolis
36083,380,Albany
21225,231,Henderson
21199,234,Somerset
21021,227,Danville
55077,574,Madison
55091,296,Eau Claire
55119,569,Wausau
20181,213,Goodland
36093,380,Albany
20035,200,Wichita
20089,216,Beloit
36035,380,Albany
5031,46,Jonesboro
1007,4,Tuscaloosa
30041,325,Great Falls
47111,490,Nashville
55115,572,Green Bay
56043,582,Riverton
40131,440,Tulsa
36007,383,Binghamton
5149,54,Russellville
5087,42,Fayetteville
54061,566,Morgantown
55079,576,Milwaukee
56019,324,Sheridan
56017,582,Riverton
40017,437,Oklahoma City
6031,64,Fresno
8017,77,Ulysses
8121,85,Sterling
55101,152,Chicago
55045,574,Madison
55125,575,Rhinelander
1067,3,Dothan
1017,7,Columbus
36107,383,Binghamton
13253,103,Tallahassee
13169,113,Macon & Warner Robins
56023,132,Evanston
51011,545,Lynchburg
1077,10,Huntsville
4019,33,Tucson
36027,388,Poughkeepsie
40031,438,Wichita Falls & Lawton
26111,264,Saginaw
13129,110,Dalton
13207,113,Macon & Warner Robins
13227,119,Woodstock
51173,393,Wytheville & Galax
51680,545,Lynchburg
5143,42,Fayetteville
5089,41,Mountain Home
6067,62,Sacramento
10001,89,Dover
12113,100,Pensacola
40051,437,Oklahoma City
26025,266,Kalamazoo
40047,434,Enid
13167,121,Dublin
13023,113,Macon & Warner Robins
51025,397,Roanoke Rapids
51630,550,Fredericksburg
12011,96,Miami
12003,93,Jacksonville
8099,75,Lamar
2198,29,Metlakatla
42117,467,St. Marys
13123,119,Woodstock
13243,3,Dothan
51760,544,Richmond
51045,547,Roanoke
17149,141,Quincy
17077,142,Carbondale
44003,256,Providence
17155,145,Peoria
17075,157,Kankakee
13093,111,Tifton
13053,7,Columbus
51049,549,South Boston & Farmville
51540,542,Charlottesville
17079,148,Decatur
17167,146,Springfield
13083,118,Chattanooga
18173,162,Evansville
18043,168,Louisville
13173,112,Valdosta
13037,3,Dothan
51775,547,Roanoke
51770,547,Roanoke
17141,144,Rockford
17061,146,Springfield
18165,149,Terre Haute
26117,264,Saginaw
26159,266,Kalamazoo
16053,134,Twin Falls
18059,166,Indianapolis
18109,166,Indianapolis
51079,542,Charlottesville
51820,546,Harrisonburg
51678,557,Lexington & Buena Vista
13061,3,Dothan
17173,148,Decatur
17105,147,Champaign & Bloomington
19085,190,Omaha
20191,200,Wichita
20037,198,Joplin
18017,167,Logansport
18065,166,Indianapolis
18133,149,Terre Haute
19175,176,Creston
19047,179,Denison & Atlantic
54101,568,Summersville
54079,565,Charleston
17045,149,Terre Haute
17005,143,Alton
26091,274,Jackson
18031,170,Greensburg
18117,173,Bloomington
20021,198,Joplin
19081,185,Mason City & Austin
19033,185,Mason City & Austin
19151,183,Storm Lake
19161,183,Storm Lake
19103,180,Cedar Rapids
54097,566,Morgantown
54015,565,Charleston
55005,571,Rice Lake
26153,261,Marquette
18007,161,Lafayette
18127,174,Hammond & Michigan City
20091,194,Kansas City
20137,207,Norton
20013,199,Falls City
5063,52,Batesville
46071,483,NA
47177,492,Cookeville
47169,490,Nashville
29043,310,Springfield
29109,310,Springfield
29115,315,Chillicothe
38101,411,Minot
38049,411,Minot
38103,414,Carrington
46065,485,Pierre
47017,488,Paris
47007,118,Chattanooga
35025,376,Odessa & Midland
29219,160,St. Louis
29117,315,Chillicothe
38025,344,Dickinson
39157,423,Canton
39023,424,Dayton
47015,487,Murfreesboro
47061,487,Murfreesboro
36101,386,Ithaca & Elmira
37185,403,Raleigh
38033,344,Dickinson
29003,195,St. Joseph
29035,313,Poplar Bluff
29007,309,Columbia
39109,424,Dayton
39149,424,Dayton
39113,424,Dayton
47075,491,Jackson
47023,491,Jackson
39081,422,Wheeling
39039,427,Toledo
46121,356,Valentine
29059,310,Springfield
29089,309,Columbia
29185,311,Sedalia & Warrensburg
39041,428,Columbus
39019,423,Canton
39131,432,Chillicothe & Portsmouth
47153,118,Chattanooga
47095,495,Dyersburg
47115,118,Chattanooga
47161,232,Clarksville
29093,321,Farmington
29063,195,St. Joseph
29203,319,West Plains
39045,428,Columbus
39153,420,Cleveland
39091,431,Findlay
48397,445,Dallas
48123,511,Victoria
48209,502,Austin
48489,499,McAllen
48017,374,Clovis
30111,327,Billings
30097,338,Livingston
39117,419,Mansfield
39159,428,Columbus
39057,424,Dayton
48299,502,Austin
48257,376,Odessa & Midland
48181,445,Dallas
48075,513,Childress
48483,525,Pampa
51073,555,Newport News
51735,555,Newport News
53061,561,Seattle
30065,327,Billings
30019,330,Plentywood
31041,349,Broken Bow
39151,423,Canton
39083,428,Columbus
39075,423,Canton
48291,501,Houston
48031,502,Austin
48219,505,Lubbock
48149,515,Gonzales
48221,527,Fort Worth
51169,489,Johnson City
51071,547,Roanoke
31045,351,Alliance
31123,348,Cheyenne
31037,350,Columbus
31039,190,Omaha
39071,425,Washington Court House & Wilmington
39173,427,Toledo
39055,420,Cleveland
48065,500,Amarillo
48143,510,Stephenville & Brownwood
24039,89,Dover
2130,22,Ketchikan
25023,254,Boston
1127,5,Birmingham
26033,268,Sault Ste. Marie
39051,427,Toledo
40129,436,Weatherford & Elk City
40025,218,Hugoton
31023,350,Columbus
31011,350,Columbus
31117,347,North Platte
31079,357,Grand Island
39121,430,Parkersburg
39031,423,Canton
40121,443,McAlester
1057,12,Hamilton
27099,185,Mason City & Austin
27157,287,Rochester
41041,459,Newport
41009,449,Portland
42105,467,St. Marys
31159,358,Lincoln
31019,353,Kearney
31097,308,Nebraska City
40137,438,Wichita Falls & Lawton
40149,436,Weatherford & Elk City
40077,443,McAlester
27135,292,Roseau
29021,195,St. Joseph
27041,288,Alexandria & Fergus Falls
27057,277,Bemidji & Brainerd
27029,277,Bemidji & Brainerd
27159,288,Alexandria & Fergus Falls
31001,345,Hastings
31099,353,Kearney
31017,352,O'Neill
40063,437,Oklahoma City
40093,434,Enid
29209,310,Springfield
29127,141,Quincy
31031,356,Valentine
27143,293,Otsego
28067,304,Hattiesburg
28017,297,Tupelo
28013,297,Tupelo
31005,347,North Platte
32027,363,Elko
32021,361,Reno
33001,365,Nashua
40055,442,Altus
41069,453,NA
31055,190,Omaha
28125,300,Greenville
28159,302,Starkville & Columbus
28145,297,Tupelo
35001,371,Albuquerque
35047,373,Las Vegas
35053,371,Albuquerque
42011,465,Allentown
42087,468,State College
31015,352,O'Neill
31057,355,McCook
31049,87,Sidney
28097,301,Greenwood & Grenada
28007,299,Jackson
28061,304,Hattiesburg
28015,301,Greenwood & Grenada
28105,302,Starkville & Columbus
35057,371,Albuquerque
35028,371,Albuquerque
36109,386,Ithaca & Elmira
42053,385,Erie
42093,466,Williamsport
42107,465,Allentown
31177,190,Omaha
32009,362,Las Vegas
32013,363,Elko
28065,304,Hattiesburg
28063,245,Vicksburg
36121,381,Buffalo
37105,398,Fayetteville
42065,385,Erie
42047,467,St. Marys
45071,472,Columbia
46077,476,Brookings & Watertown
46043,480,Parkston
46025,476,Brookings & Watertown
46033,479,Rapid City
46063,484,NA
28037,298,McComb & Brookhaven
29179,321,Farmington
29151,309,Columbia
37069,403,Raleigh
37003,392,Hickory
46111,475,Mitchell & Huron
46005,475,Mitchell & Huron
46125,295,Sioux Falls
46107,485,Pierre
16067,136,Burley
16051,131,Idaho Falls
27067,284,Willmar
27085,293,Otsego
28133,300,Greenville
39103,420,Cleveland
40057,442,Altus
42069,469,Scranton
42041,462,Harrisburg & Lancaster
51035,393,Wytheville & Galax
54089,567,Beckley
17033,153,Vincennes
18093,173,Bloomington
19113,180,Cedar Rapids
19087,155,Burlington
28025,302,Starkville & Columbus
28115,297,Tupelo
28009,51,Memphis
47043,490,Nashville
55009,572,Green Bay
5083,50,Fort Smith
19197,189,Iowa Falls & Hampton
19187,184,Fort Dodge
19125,178,Ottumwa
19083,189,Iowa Falls & Hampton
19135,178,Ottumwa
20095,200,Wichita
29073,160,St. Louis
13047,118,Chattanooga
17137,146,Springfield
47087,492,Cookeville
48329,376,Odessa & Midland
48249,509,Alice
48431,514,San Angelo
8061,75,Lamar
13287,111,Tifton
20063,212,Colby
20065,209,Hays
21061,220,Bowling Green
21081,225,Cincinnati
39053,421,Athens
39155,426,Youngstown
42007,463,Pittsburgh
49039,536,Salt Lake City
51690,556,Martinsville
55139,573,Appleton
72009,587,Cayey
27095,280,St. Cloud
31109,358,Lincoln
38069,416,Rugby
46029,476,Brookings & Watertown
21113,221,Lexington
46047,479,Rapid City
47047,51,Memphis
17067,155,Burlington
18111,174,Hammond & Michigan City
19089,186,Decorah
18067,166,Indianapolis
72101,588,Arecibo
72117,585,Aguadilla
72143,588,Arecibo
1061,3,Dothan
21077,225,Cincinnati
48365,526,Longview
51700,555,Newport News
20039,207,Norton
21161,228,Maysville
40119,444,Stillwater
2105,21,Juneau
72085,586,Caguas
12085,95,Palm Bay & Port St. Lucie
17063,152,Chicago
27011,281,Milbank
28003,297,Tupelo
31065,353,Kearney
51115,555,Newport News
1079,10,Huntsville
1027,6,Anniston
27133,295,Sioux Falls
5049,52,Batesville
39001,225,Cincinnati
17117,143,Alton
32007,363,Elko
35003,36,Deming
39111,422,Wheeling
22011,239,Beaumont & Lake Charles
51089,556,Martinsville
29186,321,Farmington
32510,361,Reno
16017,135,Spokane
17157,142,Carbondale
47109,491,Jackson
48505,533,Zapata
8009,75,Lamar
2020,15,Anchorage
2185,15,Anchorage
51077,393,Wytheville & Galax
53059,449,Portland
35013,375,El Paso
36015,386,Ithaca & Elmira
26101,276,Ludington & Manistee
19131,185,Mason City & Austin
19159,176,Creston
26127,262,Grand Rapids
2220,28,Sitka
1087,7,Columbus
27047,185,Mason City & Austin
27049,287,Rochester
53003,137,Lewiston & Pullman
55089,576,Milwaukee
56021,348,Cheyenne
48147,445,Dallas
53009,560,Port Angeles
54077,566,Morgantown
20107,194,Kansas City
20117,206,Concordia
40043,441,Woodward
27155,281,Milbank
27081,284,Willmar
28075,9,Meridian
28141,297,Tupelo
5047,50,Fort Smith
5135,52,Batesville
12043,99,Cape Coral
55071,577,Sheboygan
56001,81,Laramie
5097,45,Hot Springs
22023,239,Beaumont & Lake Charles
31067,358,Lincoln
31145,355,McCook
28147,298,McComb & Brookhaven
29129,317,Trenton
30011,328,Baker
31129,345,Hastings
37049,402,Jacksonville
37175,400,Asheville
13063,117,Atlanta
13275,103,Tallahassee
8039,72,Denver
13069,106,Douglas
33019,367,Lebanon & Claremont
35059,379,Dumas
38081,413,Lisbon & Oakes
18053,165,Muncie
31021,190,Omaha
36117,390,Rochester
13187,109,Gainesville
13081,111,Tifton
13197,7,Columbus
18099,171,South Bend
19037,186,Decorah
19095,180,Cedar Rapids
19073,182,Ames
18085,163,Fort Wayne
18131,167,Logansport
19121,175,Des Moines
20163,209,Hays
20127,205,Manhattan
36011,384,Syracuse
13223,117,Atlanta
13225,113,Macon & Warner Robins
48163,306,San Antonio
20041,205,Manhattan
20187,211,Garden City
21169,222,Glasgow
28091,306,San Antonio
28119,303,Oxford
20083,204,Dodge City
21141,220,Bowling Green
45037,471,Hilton Head Island & Aiken
37171,404,Winston-Salem
13155,111,Tifton
48307,528,Brady
48045,508,Plainview
48003,376,Odessa & Midland
48463,519,Uvalde
26119,270,Houghton Lake
29017,312,Cape Girardeau
29071,160,St. Louis
30103,341,Colstrip
46105,408,Bowman
48117,374,Clovis
50019,367,Lebanon & Claremont
13109,115,Savannah
13201,103,Tallahassee
15005,127,Kahului
22007,241,Houma
23019,250,Bangor
27065,278,Minneapolis
31185,357,Grand Island
35049,371,Albuquerque
37025,394,Charlotte
72149,589,Ponce
72049,592,Culebra
12005,94,Panama City
12111,95,Palm Bay & Port St. Lucie
29051,309,Columbia
29137,322,Moberly
30017,329,Miles City
47039,491,Jackson
72087,590,San Juan
17099,145,Peoria
13087,103,Tallahassee
13045,6,Anniston
46069,478,Chamberlain
48439,527,Fort Worth
30095,327,Billings
31137,353,Kearney
48113,445,Dallas
48497,527,Fort Worth
17115,148,Decatur
17181,142,Carbondale
17021,148,Decatur
48085,445,Dallas
48375,500,Amarillo
48303,505,Lubbock
48093,510,Stephenville & Brownwood
31141,350,Columbus
31063,353,Kearney
31093,357,Grand Island
31081,357,Grand Island
48251,527,Fort Worth
48451,514,San Angelo
48309,504,Killeen
48059,512,Abilene
48179,525,Pampa
17191,150,Olney
5033,50,Fort Smith
48253,512,Abilene
55041,575,Rhinelander
55099,570,Ashland
1093,12,Hamilton
32019,361,Reno
35061,371,Albuquerque
48493,306,San Antonio
48281,504,Killeen
48177,515,Gonzales
48305,505,Lubbock
5077,39,Forrest City
6071,37,Los Angeles
6003,59,San Diego
6049,69,Klamath Falls
9150,88,Hartford & Bridgeport
8063,77,Ulysses
26011,264,Saginaw
36095,380,Albany
36099,390,Rochester
48151,520,Sweetwater
48327,528,Brady
48389,376,Odessa & Midland
48433,512,Abilene
49021,364,St. George
49027,539,Delta
39085,420,Cleveland
41029,457,Medford
12015,97,North Port & Port Charlotte
12063,94,Panama City
36037,381,Buffalo
37001,391,Burlington
37063,403,Raleigh
49031,537,Richfield
51109,542,Charlottesville
51091,546,Harrisonburg
51530,557,Lexington & Buena Vista
54041,566,Morgantown
55137,573,Appleton
42057,253,Hagerstown & Frederick
42039,385,Erie
29161,318,Rolla
17113,147,Champaign & Bloomington
17051,143,Alton
26049,272,Detroit
37191,405,Greenville
37097,394,Charlotte
55021,574,Madison
55097,569,Wausau
56031,583,Torrington
56027,581,Casper
29131,314,Osage Beach & Eldon
29229,319,West Plains
29177,194,Kansas City
21015,225,Cincinnati
36039,380,Albany
37109,394,Charlotte
37067,404,Winston-Salem
38027,414,Carrington
72119,590,San Juan
72033,590,San Juan
29001,307,Kirksville
30107,327,Billings
31111,347,North Platte
51021,393,Wytheville & Galax
51600,91,Washington
51580,543,Covington
38041,344,Dickinson
38057,412,Bismarck
72053,590,San Juan
72054,588,Arecibo
31179,346,Norfolk
31119,346,Norfolk
31139,346,Norfolk
31009,349,Broken Bow
54105,430,Parkersburg
55047,573,Appleton
39049,428,Columbus
39063,431,Findlay
39077,429,Sandusky
72107,587,Cayey
31149,352,O'Neill
37081,404,Winston-Salem
37195,406,Rocky Mount & Wilson
21143,231,Henderson
21057,234,Somerset
39033,419,Mansfield
39165,225,Cincinnati
39129,428,Columbus
72013,588,Arecibo
72125,591,San Germán & Mayagüez
38063,410,NA
38045,413,Lisbon & Oakes
38039,409,Valley City
38065,412,Bismarck
21039,159,Paducah
22095,240,New Orleans
40103,444,Stillwater
40005,435,Ardmore
72043,589,Ponce
72129,586,Caguas
39097,428,Columbus
39169,423,Canton
40107,440,Tulsa
27007,277,Bemidji & Brainerd
27001,277,Bemidji & Brainerd
27033,286,Worthington
27051,288,Alexandria & Fergus Falls
42079,469,Scranton
42081,466,Williamsport
72019,587,Cayey
72027,588,Arecibo
40039,436,Weatherford & Elk City
40029,435,Ardmore
41053,449,Portland
27165,282,Mankato
28085,298,McComb & Brookhaven
28019,302,Starkville & Columbus
28069,9,Meridian
42075,462,Harrisburg & Lancaster
42019,463,Pittsburgh
45011,471,Hilton Head Island & Aiken
72069,586,Caguas
72089,590,San Juan
42021,464,Altoona
46017,478,Chamberlain
46079,295,Sioux Falls
46049,477,Aberdeen
28077,298,McComb & Brookhaven
29123,321,Farmington
29187,321,Farmington
29049,195,St. Joseph
45039,472,Columbia
46037,281,Milbank
46115,477,Aberdeen
72035,587,Cayey
72123,589,Ponce
72115,585,Aguadilla
13307,122,Americus
30109,344,Dickinson
29079,317,Trenton
29121,322,Moberly
29061,317,Trenton
46021,417,Mobridge
47141,492,Cookeville
47077,491,Jackson
72103,590,San Juan
72091,588,Arecibo
18091,174,Hammond & Michigan City
26015,262,Grand Rapids
20023,203,Atwood & St. Francis
40111,440,Tulsa
48367,527,Fort Worth
48385,519,Uvalde
2016,14,Unalaska
31105,348,Cheyenne
31033,87,Sidney
72083,591,San Germán & Mayagüez
72081,588,Arecibo
34037,369,Newark & Jersey City
31143,357,Grand Island
40069,435,Ardmore
1133,5,Birmingham
37143,401,Virginia Beach
40001,433,Muskogee
40041,439,Miami
31169,345,Hastings
38087,408,Bowman
19171,181,Waterloo
31125,350,Columbus
55039,573,Appleton
51510,91,Washington
30021,329,Miles City
31053,190,Omaha
35027,377,Alamogordo
16047,134,Twin Falls
47131,159,Paducah
37157,404,Winston-Salem
29101,311,Sedalia & Warrensburg
31013,351,Alliance
30067,338,Livingston
39027,425,Washington Court House & Wilmington
46059,478,Chamberlain
46129,417,Mobridge
51590,391,Burlington
55109,278,Minneapolis
48247,509,Alice
17081,151,Mount Vernon & Centralia
26149,171,South Bend
13211,108,Milledgeville
47071,491,Jackson
47083,232,Clarksville
48133,518,Graham
22047,246,Baton Rouge
38031,414,Carrington
20185,197,Great Bend
21163,230,Elizabethtown
31073,353,Kearney
39163,432,Chillicothe & Portsmouth
29181,313,Poplar Bluff
31133,199,Falls City
37189,395,Boone
72151,586,Caguas
13159,117,Atlanta
42121,385,Erie
46057,476,Brookings & Watertown
48021,502,Austin
48285,511,Victoria
40071,444,Stillwater
46081,479,Rapid City
48267,528,Brady
29053,309,Columbia
1113,7,Columbus
12079,99,Cape Coral
18159,166,Indianapolis
24013,252,Baltimore
37149,407,Spartanburg
44009,256,Providence
54075,564,Elkins
56033,324,Sheridan
13077,7,Columbus
21165,223,Mount Sterling & Morehead
32001,361,Reno
46085,478,Chamberlain
51037,549,South Boston & Farmville
55035,296,Eau Claire
72007,586,Caguas
72005,585,Aguadilla
50011,540,Burlington
5053,49,Little Rock
51683,91,Washington
25021,254,Boston
12091,100,Pensacola
17055,142,Carbondale
31029,355,McCook
55055,576,Milwaukee
55113,571,Rice Lake
1081,7,Columbus
39069,427,Toledo
51570,544,Richmond
28047,305,Gulfport
30075,341,Colstrip
17111,152,Chicago
17201,144,Rockford
18003,163,Fort Wayne
13099,3,Dothan
20017,201,Emporia
26123,262,Grand Rapids
8101,78,Colorado Springs
21117,225,Cincinnati
21103,168,Louisville
48393,525,Pampa
28099,9,Meridian
17127,159,Paducah
19057,155,Burlington
20003,194,Kansas City
28131,305,Gulfport
1019,8,Gadsden
17187,156,Davenport
29067,319,West Plains
31151,358,Lincoln
39047,425,Washington Court House & Wilmington
13281,124,Andrews
16009,133,Coeur d'Alene
47051,487,Murfreesboro
47101,496,Spring Hill
18025,168,Louisville
19193,192,Sioux City
27115,278,Minneapolis
29173,141,Quincy
31157,348,Cheyenne
47139,118,Chattanooga
48217,504,Killeen
51061,552,Culpeper
28031,304,Hattiesburg
29015,311,Sedalia & Warrensburg
31183,359,Ord
37135,403,Raleigh
26079,263,Traverse City
13131,103,Tallahassee
17139,148,Decatur
19181,175,Des Moines
36089,387,Plattsburgh
37169,404,Winston-Salem
51065,542,Charlottesville
51685,91,Washington
55049,574,Madison
37197,404,Winston-Salem
38091,294,Grand Forks
39089,428,Columbus
20045,208,Topeka
20111,201,Emporia
21207,219,Bardstown & Campbellsville
38029,415,Jamestown
39141,432,Chillicothe & Portsmouth
55078,572,Green Bay
1059,10,Huntsville
1111,6,Anniston
5127,50,Fort Smith
40127,57,Idabel & De Queen & Mena
42109,466,Williamsport
46067,480,Parkston
48457,498,Lufkin
21233,231,Henderson
39009,421,Athens
1123,6,Anniston
40053,434,Enid
8045,80,Rifle & Edwards
17163,160,St. Louis
47171,489,Johnson City
48129,500,Amarillo
48345,529,NA
51730,544,Richmond
47181,496,Spring Hill
49053,364,St. George
50013,540,Burlington
18153,149,Terre Haute
17085,158,Dubuque
26075,274,Jackson
19007,178,Ottumwa
55141,569,Wausau
72137,590,San Juan
72077,586,Caguas
50007,540,Burlington
5071,54,Russellville
51197,393,Wytheville & Galax
53007,559,Wenatchee
55073,569,Wausau
55131,576,Milwaukee
20011,198,Joplin
21213,220,Bowling Green
40081,437,Oklahoma City
72045,590,San Juan
72135,590,San Juan
42001,462,Harrisburg & Lancaster
8014,72,Denver
48109,375,El Paso
48047,509,Alice
27005,279,Fargo
1053,11,Andalusia & Atmore
17093,152,Chicago
40049,435,Ardmore
25003,255,Pittsfield
48165,523,Seminole
56041,132,Evanston
5137,52,Batesville
27151,284,Willmar
28135,303,Oxford
20131,199,Falls City
19143,191,Sioux Center
20007,196,Pratt
21191,225,Cincinnati
28005,298,McComb & Brookhaven
29133,312,Cape Girardeau
13145,7,Columbus
18137,170,Greensburg
20169,210,Salina
29107,194,Kansas City
18139,166,Indianapolis
19015,182,Ames
19009,179,Denison & Atlantic
40059,441,Woodward
42025,465,Allentown
31127,308,Nebraska City
33011,365,Nashua
21171,222,Glasgow
28129,304,Hattiesburg
29215,319,West Plains
29125,318,Rolla
20073,201,Emporia
20071,213,Goodland
46051,281,Milbank
48485,438,Wichita Falls & Lawton
47175,492,Cookeville
48145,504,Killeen
37011,395,Boone
39105,421,Athens
37037,403,Raleigh
38093,415,Jamestown
42131,469,Scranton
50005,367,Lebanon & Claremont
5043,40,Pine Bluff
12027,97,North Port & Port Charlotte
48487,521,Vernon
22005,240,New Orleans
26039,270,Houghton Lake
41011,451,Roseburg
46089,477,Aberdeen
45081,472,Columbia
13117,109,Gainesville
48415,503,Snyder
48417,512,Abilene
27037,278,Minneapolis
27125,294,Grand Forks
48197,521,Vernon
50003,255,Pittsfield
47179,489,Johnson City
48009,438,Wichita Falls & Lawton
48275,503,Snyder
22089,240,New Orleans
28071,303,Oxford
28117,297,Tupelo
29175,322,Moberly
51043,551,Winchester
5125,49,Little Rock
48331,504,Killeen
53013,460,Kennewick
27149,288,Alexandria & Fergus Falls
27101,286,Worthington
28127,304,Hattiesburg
31069,87,Sidney
31035,345,Hastings
35037,373,Las Vegas
36049,389,Watertown
13097,117,Atlanta
13043,115,Savannah
18169,163,Fort Wayne
19023,181,Waterloo
72065,588,Arecibo
28155,302,Starkville & Columbus
29039,316,Nevada
31077,359,Ord
38061,411,Minot
39143,429,Sandusky
19153,175,Des Moines
19049,175,Des Moines
20001,193,Parsons & Chanute
72095,586,Caguas
17039,147,Champaign & Bloomington
5027,48,Magnolia
40019,435,Ardmore
21019,226,Huntington
2063,17,Valdez
39119,430,Parkersburg
40153,441,Woodward
46061,475,Mitchell & Huron
46045,477,Aberdeen
20197,208,Topeka
21211,168,Louisville
27093,293,Otsego
39015,225,Cincinnati
17103,144,Rockford
